Name,Address,Phone
6 Eleven Multi Mart,"512 Lakeshore Dr, North Bay, On P1A 2E4",705-494-7611
7-Eleven,"212 Government St & Myrtle, Dryden, On P8N 2R1",807-223-6048
Akwan,"Attawapiskat, Hearst, On P0L 1A0",705-997-9990
Al'S & Mym'S Smoke Shop,"53 Rue Polson Gd, Notre-Dame-Du-Nord, QcJ0Z 3B0",905-640-2011
Al'S Best Buy,"66 Brunetville Rd, Kapuskasing, On P5N 2G3",705-335-3350
Andy'S Convenience,"211 Maani, Lively, Sudbury, On P0M 2M0",705-692-7629
Angel'S Mini Mart,"136 Railway St, Cochrane, Hearst, On P0L 1C0",705-272-5861
Ann'S Country Store,"Rr 1, Dorion, Nipigon, On P0T 1K0",807-857-1143
Ari Interprises,"119 539Ahwy, Field, Nipissing, On P0H 1M0",705-758-6820
Atikokan Newstand-87,"303 Main W, Atikokan, Nipigon, On P0T 1C0",807-597-4226
B & L Reddick,"75 Manitou W, Nipigon, On P0T 2C0",807-826-3902
B & P Variety,"Perrault Falls Gd, Perrault Falls, Red Lake, On P0V 2K0",807-529-6475
Bala General Stop & Shop,"3007 Muskoka Road 169, Bala, Mactier, On P0C 1A0",705-762-3333
Bala General Store,"1004 Maple, Bala, Mactier, On P0C 1A0",705-762-3761
Balmer Video,"250 Fifth St, Balmertown, Red Lake, On P0V 1C0",807-735-2515
Beausejour Consumers Co-Op,"44 Burrows Rd, Pinawa, MbR0E 1L0",807-363-2549
Betty'S,"Meredith, Gore Bay, Manitoulin, On P0P 1H0",705-282-2580
Birchaven and Variety,"163 Sage Rd, North Bay, On P1A 3A5",705-472-5777
Bonfield Kwik-Way,"308 Church St, Bonfield, Nipissing, On P0H 1E0",705-776-1323
Brady Kwik-Way Convenience Store,"233 Brady St, Unit 4, Sudbury, On P3B 4H5",705-674-6000
Brookfield Market,"899 Second Line W, Sault Ste Marie, On P6C 2L5",705-256-6912
Buchanan Convenience Store,"Hwy 522, Port Loring, Nipissing, On P0H 1Y0",705-757-3493
Burks Falls Kwik Way,"170 Ontario, Burks Falls, Parry Sound, On P0A 1C0",705-382-2887
Buzah Variety,"922 Wikwemikong Way, ON",705-859-3886
Canadian Tire - Gas+,"1403 Algonquin Ave, North Bay, On P1B 4Y6",705-497-0524
Capstone Ventures,"59 King William St, Huntsville, On P1H 1E5",705-789-9997
Cara'S Convenience,"1055A Lorne St, Sudbury, On P3C 4S5",705-674-0763
Cash 'N Carry Store,"Weagamow Lake Gd, Weagamow Lake, Red Lake, On P0V 2Y0",807-469-6230
Casuals' Convenience Store,"1 Patricia Ave, Pickle Lake, Red Lake, On P0V 3A0",807-928-2221
Chez Real Confectionery,"175 Main St, Smooth Rock Falls, Hearst, On P0L 2B0",705-338-2566
Chookomolin Diversified Products,"Peawanuck, Hearst, On P0L 2H0",705-473-2567
Circle K,"95 Church St, Parry Sound, On P2A 1Z4",705-746-9133
Circle K,"110 Centre St, Espanola, On P5E 1S4",705-869-1712
Circle K,"3525 Highway 144, Chelmsford, Sudbury, On P0M 1L0",705-855-6732
Circle K,"150 Regional Rd 24, Lively, On P3Y 1J3",705-692-9633
Circle K,"496 Notre Dame Ave, Sudbury, On P3C 5L2",705-674-3011
Circle K,"4327 Harold Ave East, South Porcupine, Cochrane, On P0N 1H0",403-932-9329
Circle K,"20 Victoria Ave, Timmins, On P4N 8K5",705-268-8281
Circle K,"1003 Kingsway, Sudbury, On P3B 2E6",705-566-0218
Circle K,"16 Government Rd E, Kirkland Lake, On P2N 1A2",705-567-1198
Circle K,"617 Main St E, North Bay, On P1B 1C1",705-476-6697
Circle K,"26 Main St N, Unit 5, Callander, Nipissing, On P0H 1H0",705-752-3815
Circle K,"175 Hanes Rd, Huntsville, On P1H 1M3",705-788-3233
Circle K,"95 Main St, Penetang, Northern Ontario, On L9M 1S9",519-371-0113
Circle K,"628 Third Line East, Sault Ste Marie, On P6A 6J8",705-253-4985
Circle K,"381 Mcnabb St, Sault Ste Marie, On P6B 1Y9",705-256-2045
Circle K,"655 Wellington St West, Sault Ste Marie, On P6C 3V1",705-256-7050
Circle K,"208D Mission Rd, Wawa, Algoma, On P0S 1K0",705-856-1416
Circle K,"14 Paget St, New Liskeard, Timiskaming, On P0J 1P0",705-647-9229
Circle K,"394 Oliver Rd, Thunder Bay, On P7B 2G3",807-344-7796
Circle K (mac'S Convenience Stores),"3 Bowes St, Parry Sound, On P2A 2N7",705-746-5994
Circle K (mac'S Convenience Stores),"3-30 Algonquin Blvd W, Timmins, On P4N 2R3",705-268-6021
Circle K (mac'S Convenience Stores),"32 Government Rd E, Etobicoke, Kapuskasing, On P5N 2W5",705-335-2556
Circle K (mac'S Convenience Stores),"3481 Falconbridge Hwy, Garson, On P3L 1S4",705-693-5703
Circle K (mac'S Convenience Stores),"2100 Lasalle Blvd, Sudbury, On P3A 2A6",705-560-2399
Circle K (mac'S Convenience Stores),"145 Railway St, Nipigon, On P0T 2J0",807-887-2212
Circle K (mac'S Convenience Stores),"1 Minerva St E, Huntsville, On P1H 1P2",705-789-4588
Circle K (mac'S Convenience Stores),"143 Manitoba St, Bracebridge, Northern Ontario, On P1L 2B7",519-797-2969
Circle K (mac'S Convenience Stores),"24 Marshall Ave E, North Bay, On P1A 1R1",705-474-3411
Clark'S Corner,"532 Main St, Powerview, MbR0E 1P0",807-735-2135
Co-Op Gas Bar,"264 Government St, Dryden, On P8N 2R5",807-223-5243
Cobi'S Convenience,"184 Regional Road 8, Sudbury, Onaping, On P0M 2R0",705-966-2282
Convenience 94,"Corbeil, Callander, ON",705-752-3460
Cornball Store,"1664 Nipissing S, ON",705-387-0653
Corny'S Variety Store,"Fort Hope, Nipigon, On P0T 1L0",807-242-1316
Cozy'S Towing,"1460 Rosslyn Rd, Thunder Bay, On P7E 6W1",807-767-2881
Daisy Mart,"679 Vindin St, Midland, Northern Ontario, On L4R 1A1",519-534-4304
Depanneur Bourdages,"510 Tremblay, Hearst, On P0L 1N0",705-362-8925
Devlin'S Corner Store,"3450 1171Hwy, Devlin, ON",807-486-0545
Dino'S Milk Mart,"975 Lorne St, Sudbury, On P3C 4S1",705-675-5387
Dollar Tree,"32 Depot Drive Units 1 & 2, Bracebridge, Northern Ontario, On P1L 0A1",519-376-5197
Donovan Variety,"533 Kathleen St, Sudbury, On P3C 2N1",705-670-9288
Douglas Variety & Video,"76 Douglas St, Sudbury, On P3E 1E8",705-670-0892
Dryden Petro Pass,"140 Colonization Ave N, Dryden, On P8N 2Y8",807-223-6732
Eagle Lake Narrows Country Store,"Eagle Lake, South River, Parry Sound, On P0A 1X0",705-386-0056
Eagles Nest Chip Stand & Gas Bar,"2 Migizii Miikan, North Bay, On P1B 8G5",705-474-2726
Eastside Confectionary,"67 Eastern Ave, Sault Ste Marie, On P6A 4R3",705-946-2426
Esso,"331 Hwy 17 W, Mckerrow, Manitoulin, On P0P 1M0",705-377-6603
Esso Convenience Store,"8824 Hwy 17 E, Warren, Nipissing, On P0H 2N0",705-967-1526
Express Mart,"359 Riverside Dr, Sudbury, On P3E 1H5",705-677-0648
Fair Convenience,"24 Fair St, Sioux Lookout, On P8T 1H3",807-737-7220
Fergie'S Confectionery,"1252 Woodbine Ave, Sudbury, On P3A 2M1",705-566-2406
Fraternite Retail & Convenience,"575 Churchill Ave, Sudbury, On P3A 3Z6",705-566-1538
G & P Confectionery,"3577 Errington Ave, Chelmsford, Sudbury, On P0M 1L0",705-855-2921
Gamiing Gas & Convenience Store,"Sheshegwaning Indian Reserve, Silver Water, Manitoulin, On P0P 1Y0",705-283-3606
Gardiners Corner,"1268 Richards St, Richards Landing, Algoma, On P0R 1J0",705-246-2614
Garrett'S Convenience,"1A-542 Talbot St, Port Mcnicoll, Northern Ontario, On L0K 1R0",705-534-3664
Garson Foodmarket,"61 Birch St, Garson, On P3L 1B4",705-693-2813
Georgian Bay Convenience,"1 Horseshoe Lake Rd, Seguin, Parry Sound, On P2A 2W8",705-378-4770
Gloria'S Restaurant,"469 Bouchard St, Sudbury, On P3E 2K8",705-522-1476
Goulais River Country Store,"Hwy 17 N, Goulais River, Algoma, On P0S 1E0",705-649-3811
Grand Pas Convenience,"10 Giizhik Miikan W, Nippissing, Sturgeon Falls, On P2B 3J7",705-580-2393
Grandpa Georges,"Hollow Water First Nation Gd, Manigotagan, MbR0E 1E0",705-544-8777
Green Acre Variety,"Hwy 595 Rr 1, Kakabeka Falls, Nipigon, On P0T 1W0",807-475-5631
Greyhound,"173 Minnewawa St, Lac Du Bonnet, MbR0E 1A0",705-673-3653
Grissom'S,"Fort Albany, Hearst, On P0L 1H0",705-372-1252
H & M Mini Mart,"12 Hwy 540, Gore Bay, Manitoulin, On P0P 1H0",705-282-3151
Harry'S Market,"5 195 Wellington, Huntsville, Northern Ontario, On P1L 1P3",705-645-9937
Hi-Way Variety,"883 Trunk Rd, Sault Ste Marie, On P6A 3T3",705-946-2846
Highway Variety Plus,"6 Algoma, Spanish, Manitoulin, On P0P 2A0",705-844-2577
Hillside Shop & Save,"Hillside S, Elliot Lake, On P5A 1N7",705-848-6575
Hopper'S Variety,"2160 Hwy 588, Thunder Bay, Nipigon, On P0T 1W0",807-475-8804
Independent Banner - Convenience Store,"80 Bowes St, Parry Sound, On P2A 2L7",705-746-2387
Ironbridge Shell and Food Store,"Hwy17, Iron Bridge, Algoma, On P0R 1H0",705-843-0003
J D Junction,"26A School Rd, Emo, Rainy River, On P0W 1E0",807-482-2975
Jai Laxmiji Ontario,"50 Esten Dr S, Elliot Lake, On P5A 3M9",705-461-8368
Jane'S Variety,"301 Brock St E, Thunder Bay, On P7E 4H6",807-622-9116
Keewatin Place,"1007 Hwy 17 W, Keewatin, Northern Ontario, On P0X 1C0",519-793-4899
Kenabeek General Store,"10-5 Con Henwood Twp, Kenabeek, Timiskaming, On P0J 1M0",705-563-2772
Kenora Husky Travel Stop,"470 Lakeview Dr, Kenora, On P9N 0H2",807-468-7740
Krazy Ernie'S Food Mart,"256 Mcnabb St, Sault Ste Marie, On P6B 1Y6",705-254-6191
Kwik Way,"33 Notre Dame Av, Azilda, Sudbury, On P0M 1B0",705-983-9000
Kwik Way Hanmer,"7 Cote Blvd, Hanmer, On P3P 1X5",705-969-7577
Kwik-Way,"Causley, Blind River, Algoma, On P0R 1B0",705-356-7762
Kwik-Way Copper Cliff,"13 Serpentine, Copper Cliff, Sudbury, On P0M 1N0",705-682-2300
Kwik-Way Lasalle,"594 Lasalle Blvd, Sudbury, On P3A 1W9",705-566-0558
Lakeview Grocery and Spyke Gas Bar,"3790 Troutlakerd, North Bay, ON",705-497-8780
Larder Lake Co-Op,"25 Godfrey St, Larder Lake, ON",705-643-2327
Larochelle Station De Service,"1506, Rte 101, Fabre, QcJ0Z 1Z0",819-634-3211
Levack Mini Mart,"37 Levack Dr Gd, Levack, Sudbury, On P0M 2C0",705-966-2460
Little General Convenience,"509 King St, Midland, Northern Ontario, On L4R 3N5",705-526-4657
London Grocery,"320 Balsam St, Thunder Bay, On P7A 5N8",807-345-0158
Long Lake 58 General Store,"10090 Hwy 11, Longlac, Nipigon, On P0T 2A0",807-876-4412
Loone'S Variety & Gas Bar,"67 First Nation Rd, Fort Albany, Hearst, On P0L 1H0",705-264-8113
Luby'S 24 Hour Food Store,"612 Ninth St N, Kenora, On P9N 2S9",807-468-3044
Lucky 13,"992 Airport Rd, North Bay, On P1C 1A6",705-474-6699
M G and Sons General Store,"76 Howie St, Charlton, Timiskaming, On P0J 1B0",705-544-2333
Macewen Petroleum,"1899 Algonquin Ave, North Bay, On P1B 4Y8",705-474-8877
Madison Confectionery,"2176 Madison Ave, Sudbury, On P3A 2R2",705-566-8807
Marg'S Northern Convenience Store,"210 O'Brien, Atikokan, Nipigon, On P0T 1C0",807-825-1313
Mattagami Convenience Store,"Mattagami Indian Reserve, Gogama, Sudbury, On P0M 1W0",705-894-2368
Maxine'S Gas Bar,"120 Centre St, Espanola, On P5E 1S4",705-869-6825
Metallo'S Mini Mart,"147 Northern Ave E, Sault Ste Marie, On P6B 4H8",705-949-5475
Mike'S Mart,"3 Couchie Industrial Rd, North Bay, On P1B 8G5",705-472-7278
Mike'S Mart,"113 Front St, Sturgeon Falls, On P2B 2H5",705-753-2194
Mike'S Mart,"509 Edward St N, Thunder Bay, On P7C 4R1",807-577-6170
Mike'S Mart,"1500 James St S, Thunder Bay, On P7E 6N7",807-475-8117
Mike'S Mart,"550 Beverly St, Thunder Bay, On P7B 5V2",807-344-6313
Minaki Marina,"Minaki Gd, Minaki, Northern Ontario, On P0X 1J0",705-292-5695
MJ Coffee & More,"374880 11B Hy, Coleman Twp, Timiskaming, On P0J 1K0",705-630-3007
Murillo Variety,"Rr 1 Oliver Rd, Murillo, Nipigon, On P0T 2G0",807-935-2443
Muskrat Dam Ochikan Atawagamik,"Muskrat Dam, Red Lake, On P0V 3B0",807-471-2544
Necessities,"10 Couchie Industrial Road, North Bay, On P1B 8G5",705-497-0631
Neil'S Convenience,"93 Woodland Dr, Midland, Northern Ontario, On L4R 4V3",705-528-3566
NFN Community Store,"39 Baily Bridge, Devlin, Rainy River, On P0W 1C0",807-486-0167
Norland Convenience,"3465 Monck Rd, Norland, Central Ontario, On K0M 1K0",705-454-1111
North Division Ontario,"13 Hwy 94, Corbeil, Nipissing, On P0H 1H0",705-752-1194
Northern Quickstop,"Deer Lake, Red Lake, On P0V 1N0",807-775-2478
Northern Variety,"5 Riverside Dr, Algoma, On P0R 1B0",705-576-3003
Npj,"1355 Falconbridge Rd, Sudbury, On P3A 4N6",705-566-8822
On the Run,"498 Causley St, Blind River, Algoma, On P0R 1B0",705-356-2718
On the Run,"225 Hwy 108 N, Elliot Lake, On P5A 2T1",705-848-4932
On the Run,"504-690 River Park Rd, Timmins, On P4P 1B4",705-567-4040
On the Run - Convenience Store,"1000 Algonquin Ave, North Bay, On P1B 4X7",705-495-3776
Onaping Quick Mart,"Onaping Plaza, Levack, Sudbury, On P0M 2R0",705-966-2066
Outcast Fishing & Convenience,"18 John St, Huntsville, On P1H 1H2",705-784-9920
Oxdrift Country Store,"18808 17 Hwy, Oxdrift, Red Lake, On P0V 2J0",807-937-4052
Perry Mart,"Emsdale, Parry Sound, On P0A 1J0",705-636-5511
Petro-Canada,"500 Hwy 502, Lac Du Bonnet, MbR0E 1A0",705-969-7044
Poirier'S Confectionery & Pizza,"355 Imperial S, Massey, Manitoulin, On P0P 1P0",705-865-2740
Popp'S,"70 King William St, Huntsville, On P1H 2A5",705-789-8856
Pro'S Mini Mart,"39 Huron Rd Gd, Cochrane, Hearst, On P0L 1C0",705-272-5239
Quikway,"667 Cambrian Heights Dr, Sudbury, On P3C 5C3",705-586-0850
Rankin Confectionary,"450 Frontenac St, Sault Ste Marie, On P6A 5K9",705-253-3983
Red Pine Store,"100 Kejickbay, Lac Seul, Red Lake, On P0V 2A0",807-582-0303
Redditt Mini Mart,"Gd, Redditt, Northern Ontario, On P0X 1M0",519-371-4542
Roger'S Valu-Mart Dowling,"30 Main St E, Dowling, Sudbury, On P0M 1R0",705-855-5121
S and R Variety,"37 John St, Sturgeon Falls, On P2B 1Y2",705-580-2458
Sam'S Mini Mart & Convenience Plus,"59 Labelle St, Hearst, Kapuskasing, On P5N 1L6",705-372-1111
Sam'S Place,"84 Mckinley, Wawa, Algoma, On P0S 1K0",705-856-2513
Sam'S Store,"Big Trout Lake Gd, Big Trout Lake, Red Lake, On P0V 1G0",807-537-2693
Sandy Plains Variety,"Sandy Plains Rd S, Rosseau, Mactier, On P0C 1J0",705-732-2898
Scone & Wong Convenience Plus,"44 Village Rd S, Cutler, Manitoulin, On P0P 1B0",705-844-1867
Seventeen Convenience Store,"4 Woodward, Blind River, ON",705-356-7380
Shady'S Snak Shak,"97 Front, Sioux Lookout, ON",807-737-7353
Shell,"565 Algonquin Boulevard East, Timmins, On P4N 7N5",705-360-1818
Shell,"111 Government Rd W, Kirkland Lake, On P2N 2E8",705-567-4440
Shell,"941 Dugald Road, Anola, MbR0E 0A0",705-858-7171
Shell,"2606 Trout Lake Rd, North Bay, On P1B 7S7",705-495-6202
Shell,"3658 Hwy 118 West, Port Carling, Muskoka, On P0B 1J0",705-689-8000
Shell,"295 Wellington Street, Bracebridge, Northern Ontario, On P1L 1P3",519-935-3402
Shoal Lake Landing Store,"Shoal Lake Reserve 39, Clearwater Bay, ON",807-733-3497
Ski'S Variety,"508 Second St E, Fort Frances, On P9A 1N4",807-274-4162
Skyline Store,"608 Airport Rd, Kenora, On P9N 0A7",807-548-4994
Smith`s Desbarats Market,"4 Lake Huron Dr, Desbarats, Algoma, On P0R 1E0",705-782-6261
Smitty'S Convenience,"3-1769 Regent St, Sudbury, On P3E 3Z7",705-522-1774
Smoke 'N' Lotto,"180 Shirreff Ave, North Bay, On P1B 7K9",705-476-7647
Snack Express - Convenience Store,"3775 On-144, Chelmsford, Sudbury, On P0M 1L0",705-694-5255
Snack Express - Convenience Store,"105 Regional Rd 24, Lively, On P3Y 1C3",705-692-0211
Sonerco - Garage Rachel Roy 2001,"37, Rue Ontario, Notre-Dame-Du-Nord, QcJ0Z 3B0",705-945-9500
Station Service P Gingras,"1630 Chkipawa, Kipawa, QcJ0Z 2H0",819-627-9731
Sudbury Tropical Market,"2-893 Notre Dame Ave, Sudbury, On P3A 2T6",705-805-2384
Sunny Convenience,"201 Albert St, Victoria Harbour, Northern Ontario, On L0K 2A0",705-506-1300
Sure Shot Outdoors,"280 Nippissing St, Sturgeon Falls, On P2B 3B3",705-753-5871
T & S Variety Store,"269 Dale Ave, Timmins, On P4N 1M7",705-267-5945
Taffy'S Convenience,"148 Governmen Rd, ON",416-849-1499
The Airways General Store,"2667 Second Line W, Sault Ste Marie, On P6A 6K4",705-779-3480
The C Store,"3013 Old Hwy 69 N, Val Caron, On P3N 1R8",705-897-4774
The C Store,"180 Lasalle Blvd, Sudbury, On P3A 4Z3",705-524-0364
The C Store,"562 Algonquin Blvd E, Timmins, On P4N 1B7",705-264-3515
The Corner Store,"428 Westmount Ave, Sudbury, On P3A 5V8",705-524-5241
The Corner Store,"Minett, Port Carling, Muskoka, On P0B 1J0",705-765-5488
The Loaf N' Jug Food Mart,"1132 Ninth St N, Kenora, On P9N 2T5",807-468-4045
The New Duchesnay Store,"40 Goulais Cres, North Bay, On P1B 8G5",705-475-9877
Timmin'S Store,"Summer Beaver, Nipigon, On P0T 3B0",807-887-2898
Tj'S Kwik Stop,"34 Hwy 105, Red Lake, On P0V 2M0",807-727-2752
Tony'S Variety & Video Espanola,"426 Mead Blvd, Espanola, On P5E 1M1",705-869-1011
Top Valu Convience Store,"1405 Valley Dr, Kenora, On P9N 2V1",807-548-1352
Trapper Trading Post,"2890 Hwy 11 N, Marten River, Nipissing, On P0H 1T0",705-892-2374
Ty'S Smoke House & Supplies,"3 Village Rd, Blind River, Algoma, On P0R 1B0",705-849-6451
U Can,"208 Loach'S Rd, Sudbury, On P3E 2P7",705-675-8226
Utterson General Store & Hwy 141 Cafe,"20 Township Hall Rd, Muskoka, On P0B 1L0",705-385-9497
Valley Foods,"4591 Oliver Rd, Murillo, Nipigon, On P0T 2G0",807-935-2611
Vet'S Confectionery,"6 Sixth Ave S, Kenora, On P9N 2B5",807-468-6394
Village General Store & Hotel,"22274 Hwy 17, Algoma, On P0R 1H0",705-843-1100
Voyageur Bait and Tackle,"Hwy 11B, Atikokan, Nipigon, On P0T 1C0",807-597-1575
Wabigoon Lake Community Store,"Wabigoon Indian Reserve 27, Dinorwic, ON",807-938-6867
Wapekeka Community Store,"Big Trout Lake, Manitoulin, On P0P 1B0",807-537-1164
What A Convienence,"2061 Kanienkehaka Iohatatie, Bala, Mactier, On P0C 1A0",705-762-1923
Woodcrest Confectionary,"119 Woodcrest Dr, Longlac, Nipigon, On P0T 2A0",807-876-9572
Your Dollar Store With More,"1-15 Edward St, Wikwemikong, Manitoulin, On P0P 2J0",705-859-2554
Zig'S Place,"Hwy 621, Morson, Rainy River, On P0W 1M0",807-488-9637
